PerformanceTier,AverageSales,AverageFootfall,AverageProfitMargin,StoreCount
Bottom 25%,11291.666666666666,918.3333333333334,10.916666666666666,12
Middle Performers,17572.727272727272,1594.8484848484848,20.454545454545453,33
Top 10%,23800.0,2330.0,29.0,5
