,CustomerID,Region,IncomeLevel,ProductCategory,PurchaseAmount
CustomerID,0.0,0.0,0.0,0.0,0.010201860354931022
Region,0.0,0.0,0.0,0.0,0.026530050552568737
IncomeLevel,0.0,0.0,0.0,0.0,0.003291976668695129
ProductCategory,0.0,0.0,0.0,0.0,0.020387651481530808
PurchaseAmount,0.010201860354931022,0.026530050552568737,0.003291976668695129,0.020387651481530808,0.0
