,StoreID,MonthlySales,CustomerFootfall,AdvertisingSpend,EmployeeSatisfaction,ProfitMargin
StoreID,1.0,0.049501875218542025,0.10068933059812771,0.06196429868469716,-0.09603763582044321,0.005766610043432417
MonthlySales,0.049501875218542025,1.0,-0.09695412618008217,0.048954689964887076,0.08052715525620804,0.13247814699186578
CustomerFootfall,0.10068933059812771,-0.09695412618008217,1.0,-0.040651958505220596,-0.11460905419172546,-0.23111122284253158
AdvertisingSpend,0.06196429868469716,0.048954689964887076,-0.040651958505220596,1.0,0.035765297020954455,-0.09214973806305096
EmployeeSatisfaction,-0.09603763582044321,0.08052715525620804,-0.11460905419172546,0.035765297020954455,1.0,-0.09495202757012074
ProfitMargin,0.005766610043432417,0.13247814699186578,-0.23111122284253158,-0.09214973806305096,-0.09495202757012074,1.0
