ID,Sales,Profit,Region,Sales_Z_Score,Profit_Z_Score
98,2200.0,500.0,West,3.533329147470072,3.8879501594088985
99,2300.0,600.0,West,3.8385849779290835,4.892833979156718
100,2500.0,800.0,South,4.449096638847108,6.9026016186523576
