ID,Sales,Profit,Region,Sales_Z_Score
97,2100.0,-100.0,North,3.22807331701106
98,2200.0,500.0,West,3.533329147470072
99,2300.0,600.0,West,3.8385849779290835
100,2500.0,800.0,South,4.449096638847108
