ID,Sales,Profit,Region
75,476.0509791820512,84.9252767128502,South
96,2000.0,-50.0,South
97,2100.0,-100.0,North
98,2200.0,500.0,West
99,2300.0,600.0,West
100,2500.0,800.0,South
